seq_len,method,exp_mode,target_fraction,actual_fp16_pct,top_k,kernel_ms,kernel_speedup,e2e_ms,e2e_speedup,cos_fp16,nan,inf,batch_size,q_heads,kv_heads,head_dim,dtype,causal,exp_approx,input_scale,warmup,repeat,seed,gpu
4096,fp16,-,1.0,100.0,64,0.3924800008535385,1.0,0.3879840075969696,1.0,0.9999999403953552,0,0,1,16,16,128,fp16,True,,1.0,100,200,1234,NVIDIA RTX PRO 6000 Blackwell Max-Q Workstation Edition
4096,fp4,exp,0.0,0.0,0,0.16979199647903442,2.311534165286767,0.21369600296020508,1.8155885099508426,0.9845549464225769,0,0,1,16,16,128,fp16,True,False,1.0,100,200,1234,NVIDIA RTX PRO 6000 Blackwell Max-Q Workstation Edition
4096,fp4,exp_approx,0.0,0.0,0,0.1605440005660057,2.444688057291653,0.2035520002245903,1.9060682634849333,0.9614977240562439,0,0,1,16,16,128,fp16,True,True,1.0,100,200,1234,NVIDIA RTX PRO 6000 Blackwell Max-Q Workstation Edition
4096,thrift_5%,exp,0.05,6.105769230769231,2,0.2186719998717308,1.7948342772909218,0.37694400548934937,1.0292881752908847,0.9933872222900391,0,0,1,16,16,128,fp16,True,False,1.0,100,200,1234,NVIDIA RTX PRO 6000 Blackwell Max-Q Workstation Edition
4096,thrift_5%,exp_approx,0.05,6.105769230769231,2,0.2029919996857643,1.933475218043595,0.3590719997882843,1.0805186921445626,0.9813750982284546,0,0,1,16,16,128,fp16,True,True,1.0,100,200,1234,NVIDIA RTX PRO 6000 Blackwell Max-Q Workstation Edition
4096,thrift_10%,exp,0.1,9.086538461538462,3,0.22235199809074402,1.765129183563098,0.377920001745224,1.0266299899589075,0.994422197341919,0,0,1,16,16,128,fp16,True,False,1.0,100,200,1234,NVIDIA RTX PRO 6000 Blackwell Max-Q Workstation Edition
4096,thrift_10%,exp_approx,0.1,9.086538461538462,3,0.20609600096940994,1.904355247105415,0.36238400638103485,1.0706432976211901,0.9841405749320984,0,0,1,16,16,128,fp16,True,True,1.0,100,200,1234,NVIDIA RTX PRO 6000 Blackwell Max-Q Workstation Edition
4096,thrift_25%,exp,0.25,25.96153846153846,9,0.25727999210357666,1.5254975625758438,0.41307199001312256,0.939264866602657,0.9971051216125488,0,0,1,16,16,128,fp16,True,False,1.0,100,200,1234,NVIDIA RTX PRO 6000 Blackwell Max-Q Workstation Edition
4096,thrift_25%,exp_approx,0.25,25.96153846153846,9,0.2454719990491867,1.5988789042081126,0.40092800557613373,0.9677149069181047,0.9916638135910034,0,0,1,16,16,128,fp16,True,True,1.0,100,200,1234,NVIDIA RTX PRO 6000 Blackwell Max-Q Workstation Edition
8192,fp16,-,1.0,100.0,128,1.3926719427108765,1.0,1.3939839601516724,1.0,1.0,0,0,1,16,16,128,fp16,True,,1.0,100,200,1234,NVIDIA RTX PRO 6000 Blackwell Max-Q Workstation Edition
8192,fp4,exp,0.0,0.0,0,0.5971199870109558,2.3323150673322277,0.6489599943161011,2.148027570822306,0.9843612313270569,0,0,1,16,16,128,fp16,True,False,1.0,100,200,1234,NVIDIA RTX PRO 6000 Blackwell Max-Q Workstation Edition
8192,fp4,exp_approx,0.0,0.0,0,0.526095986366272,2.647182223019827,0.6175999939441681,2.257098403206413,0.9604183435440063,0,0,1,16,16,128,fp16,True,True,1.0,100,200,1234,NVIDIA RTX PRO 6000 Blackwell Max-Q Workstation Edition
8192,thrift_5%,exp,0.05,4.6148255813953485,3,0.7331840097904205,1.8994848825316983,0.9906720221042633,1.407109445960474,0.9934185743331909,0,0,1,16,16,128,fp16,True,False,1.0,100,200,1234,NVIDIA RTX PRO 6000 Blackwell Max-Q Workstation Edition
8192,thrift_5%,exp_approx,0.05,4.6148255813953485,3,0.6674240231513977,2.08663742149264,0.8869760036468506,1.5716140621845807,0.9813562631607056,0,0,1,16,16,128,fp16,True,True,1.0,100,200,1234,NVIDIA RTX PRO 6000 Blackwell Max-Q Workstation Edition
8192,thrift_10%,exp,0.1,10.598352713178295,7,0.8032800257205963,1.7337315731977225,1.0169119834899902,1.370800996333616,0.9953751564025879,0,0,1,16,16,128,fp16,True,False,1.0,100,200,1234,NVIDIA RTX PRO 6000 Blackwell Max-Q Workstation Edition
8192,thrift_10%,exp_approx,0.1,10.598352713178295,7,0.732912003993988,1.9001898387822016,0.9451360106468201,1.4749030239549072,0.9867019653320312,0,0,1,16,16,128,fp16,True,True,1.0,100,200,1234,NVIDIA RTX PRO 6000 Blackwell Max-Q Workstation Edition
8192,thrift_25%,exp,0.25,24.709302325581394,17,0.9391200244426727,1.482954155447135,1.1494240164756775,1.2127673862478145,0.9973040223121643,0,0,1,16,16,128,fp16,True,False,1.0,100,200,1234,NVIDIA RTX PRO 6000 Blackwell Max-Q Workstation Edition
8192,thrift_25%,exp_approx,0.25,24.709302325581394,17,0.8722559809684753,1.5966321505351877,1.085200011730194,1.2845410478103174,0.9921997785568237,0,0,1,16,16,128,fp16,True,True,1.0,100,200,1234,NVIDIA RTX PRO 6000 Blackwell Max-Q Workstation Edition
16384,fp16,-,1.0,100.0,256,5.078000068664551,1.0,5.090127944946289,1.0,0.9999998807907104,0,0,1,16,16,128,fp16,True,,1.0,100,200,1234,NVIDIA RTX PRO 6000 Blackwell Max-Q Workstation Edition
16384,fp4,exp,0.0,0.0,0,2.242608070373535,2.264327920579874,2.375775933265686,2.142511788958784,0.9840835928916931,0,0,1,16,16,128,fp16,True,False,1.0,100,200,1234,NVIDIA RTX PRO 6000 Blackwell Max-Q Workstation Edition
16384,fp4,exp_approx,0.0,0.0,0,1.959231972694397,2.59183197264851,2.130064010620117,2.389659615658414,0.9597041606903076,0,0,1,16,16,128,fp16,True,True,1.0,100,200,1234,NVIDIA RTX PRO 6000 Blackwell Max-Q Workstation Edition
16384,thrift_5%,exp,0.05,4.623662451361867,6,2.7240160703659058,1.8641593652501631,3.350495934486389,1.5192162725983356,0.9939430952072144,0,0,1,16,16,128,fp16,True,False,1.0,100,200,1234,NVIDIA RTX PRO 6000 Blackwell Max-Q Workstation Edition
16384,thrift_5%,exp_approx,0.05,4.623662451361867,6,2.4545921087265015,2.068775521037234,3.040719985961914,1.6739877293686602,0.9827573299407959,0,0,1,16,16,128,fp16,True,True,1.0,100,200,1234,NVIDIA RTX PRO 6000 Blackwell Max-Q Workstation Edition
16384,thrift_10%,exp,0.1,9.879620622568094,13,2.970655918121338,1.7093868184760728,3.563472032546997,1.42841809854422,0.9955800771713257,0,0,1,16,16,128,fp16,True,False,1.0,100,200,1234,NVIDIA RTX PRO 6000 Blackwell Max-Q Workstation Edition
16384,thrift_10%,exp_approx,0.1,9.879620622568094,13,2.6599680185317993,1.9090455348660218,3.248703956604004,1.5668180335727473,0.9872393608093262,0,0,1,16,16,128,fp16,True,True,1.0,100,200,1234,NVIDIA RTX PRO 6000 Blackwell Max-Q Workstation Edition
16384,thrift_25%,exp,0.25,24.753769455252918,34,3.4946720600128174,1.4530691239297362,4.096479892730713,1.242561437681856,0.9975042343139648,0,0,1,16,16,128,fp16,True,False,1.0,100,200,1234,NVIDIA RTX PRO 6000 Blackwell Max-Q Workstation Edition
16384,thrift_25%,exp_approx,0.25,24.753769455252918,34,3.211471915245056,1.5812064382562308,3.8098560571670532,1.3360420626314227,0.9927713871002197,0,0,1,16,16,128,fp16,True,True,1.0,100,200,1234,NVIDIA RTX PRO 6000 Blackwell Max-Q Workstation Edition
32768,fp16,-,1.0,100.0,512,19.329343795776367,1.0,19.40617561340332,1.0,0.9999998807907104,0,0,1,16,16,128,fp16,True,,1.0,100,200,1234,NVIDIA RTX PRO 6000 Blackwell Max-Q Workstation Edition
32768,fp4,exp,0.0,0.0,0,8.618031978607178,2.242895343595641,9.019775867462158,2.1515141726978992,0.9837342500686646,0,0,1,16,16,128,fp16,True,False,1.0,100,200,1234,NVIDIA RTX PRO 6000 Blackwell Max-Q Workstation Edition
32768,fp4,exp_approx,0.0,0.0,0,7.544496059417725,2.5620457143254423,7.936016082763672,2.4453296731028336,0.9593819379806519,0,0,1,16,16,128,fp16,True,True,1.0,100,200,1234,NVIDIA RTX PRO 6000 Blackwell Max-Q Workstation Edition
32768,thrift_5%,exp,0.05,5.008832846003899,13,10.60700798034668,1.8223182099599595,12.109536170959473,1.602553172923527,0.9945600032806396,0,0,1,16,16,128,fp16,True,False,1.0,100,200,1234,NVIDIA RTX PRO 6000 Blackwell Max-Q Workstation Edition
32768,thrift_5%,exp_approx,0.05,5.008832846003899,13,9.304768085479736,2.0773590075759296,10.772560119628906,1.8014450973490437,0.9843774437904358,0,0,1,16,16,128,fp16,True,True,1.0,100,200,1234,NVIDIA RTX PRO 6000 Blackwell Max-Q Workstation Edition
32768,thrift_10%,exp,0.1,9.888980263157896,26,11.289247989654541,1.7121905563142703,12.783648014068604,1.51804677288099,0.995914876461029,0,0,1,16,16,128,fp16,True,False,1.0,100,200,1234,NVIDIA RTX PRO 6000 Blackwell Max-Q Workstation Edition
32768,thrift_10%,exp_approx,0.1,9.888980263157896,26,10.016784191131592,1.929695541697873,11.505951881408691,1.6866206128290702,0.9881512522697449,0,0,1,16,16,128,fp16,True,True,1.0,100,200,1234,NVIDIA RTX PRO 6000 Blackwell Max-Q Workstation Edition
32768,thrift_25%,exp,0.25,25.11421783625731,69,13.316256046295166,1.4515599376113044,14.849600315093994,1.3068483461927092,0.9977196455001831,0,0,1,16,16,128,fp16,True,False,1.0,100,200,1234,NVIDIA RTX PRO 6000 Blackwell Max-Q Workstation Edition
32768,thrift_25%,exp_approx,0.25,25.11421783625731,69,12.210639953613281,1.5829918717779057,13.756191730499268,1.4107229670532508,0.9933756589889526,0,0,1,16,16,128,fp16,True,True,1.0,100,200,1234,NVIDIA RTX PRO 6000 Blackwell Max-Q Workstation Edition
65536,fp16,-,1.0,100.0,1024,75.94802856445312,1.0,76.09236526489258,1.0,1.0,0,0,1,16,16,128,fp16,True,,1.0,100,200,1234,NVIDIA RTX PRO 6000 Blackwell Max-Q Workstation Edition
65536,fp4,exp,0.0,0.0,0,33.19824028015137,2.2877124788406658,33.90798377990723,2.2440840410565035,0.9835478067398071,0,0,1,16,16,128,fp16,True,False,1.0,100,200,1234,NVIDIA RTX PRO 6000 Blackwell Max-Q Workstation Edition
65536,fp4,exp_approx,0.0,0.0,0,29.330559730529785,2.589382175526635,30.05516815185547,2.531756431387491,0.9589283466339111,0,0,1,16,16,128,fp16,True,True,1.0,100,200,1234,NVIDIA RTX PRO 6000 Blackwell Max-Q Workstation Edition
65536,thrift_5%,exp,0.05,5.011242378048781,26,41.10059356689453,1.8478572198924959,44.69016075134277,1.702664836859113,0.9949616193771362,0,0,1,16,16,128,fp16,True,False,1.0,100,200,1234,NVIDIA RTX PRO 6000 Blackwell Max-Q Workstation Edition
65536,thrift_5%,exp_approx,0.05,5.011242378048781,26,35.793758392333984,2.12182324448832,39.346046447753906,1.9339265856337735,0.9854281544685364,0,0,1,16,16,128,fp16,True,True,1.0,100,200,1234,NVIDIA RTX PRO 6000 Blackwell Max-Q Workstation Edition
65536,thrift_10%,exp,0.1,10.07888719512195,53,43.89108848571777,1.730374688455647,47.57025718688965,1.59957859731445,0.9962501525878906,0,0,1,16,16,128,fp16,True,False,1.0,100,200,1234,NVIDIA RTX PRO 6000 Blackwell Max-Q Workstation Edition
65536,thrift_10%,exp_approx,0.1,10.07888719512195,53,38.790414810180664,1.9579070998879942,42.44723129272461,1.792634359120961,0.9890554547309875,0,0,1,16,16,128,fp16,True,True,1.0,100,200,1234,NVIDIA RTX PRO 6000 Blackwell Max-Q Workstation Edition
65536,thrift_25%,exp,0.25,24.95655487804878,137,51.75080108642578,1.4675720369548881,55.622880935668945,1.368004748853224,0.9978743195533752,0,0,1,16,16,128,fp16,True,False,1.0,100,200,1234,NVIDIA RTX PRO 6000 Blackwell Max-Q Workstation Edition
65536,thrift_25%,exp_approx,0.25,24.95655487804878,137,47.432945251464844,1.6011661970770763,51.284847259521484,1.4837202279229829,0.993803858757019,0,0,1,16,16,128,fp16,True,True,1.0,100,200,1234,NVIDIA RTX PRO 6000 Blackwell Max-Q Workstation Edition
131072,fp16,-,1.0,100.0,2048,332.6937255859375,1.0,333.6707763671875,1.0,0.9999999403953552,0,0,1,16,16,128,fp16,True,,1.0,100,200,1234,NVIDIA RTX PRO 6000 Blackwell Max-Q Workstation Edition
131072,fp4,exp,0.0,0.0,0,158.80860900878906,2.0949350772761,160.7588653564453,2.075597981034205,0.9836088418960571,0,0,1,16,16,128,fp16,True,False,1.0,100,200,1234,NVIDIA RTX PRO 6000 Blackwell Max-Q Workstation Edition
131072,fp4,exp_approx,0.0,0.0,0,136.55015563964844,2.4364214308470347,138.3712158203125,2.4114175364368347,0.9590305685997009,0,0,1,16,16,128,fp16,True,True,1.0,100,200,1234,NVIDIA RTX PRO 6000 Blackwell Max-Q Workstation Edition
131072,thrift_5%,exp,0.05,5.012448908003904,52,180.78450775146484,1.8402778519236351,191.88827514648438,1.7388804819495547,0.9953397512435913,0,0,1,16,16,128,fp16,True,False,1.0,100,200,1234,NVIDIA RTX PRO 6000 Blackwell Max-Q Workstation Edition
131072,thrift_5%,exp_approx,0.05,5.012448908003904,52,162.6624526977539,2.045301297676372,173.90233612060547,1.9187250948473675,0.9864433407783508,0,0,1,16,16,128,fp16,True,True,1.0,100,200,1234,NVIDIA RTX PRO 6000 Blackwell Max-Q Workstation Edition
131072,thrift_10%,exp,0.1,9.988675878477306,105,192.96556854248047,1.7241092703680787,204.67393493652344,1.6302553447788577,0.9965167045593262,0,0,1,16,16,128,fp16,True,False,1.0,100,200,1234,NVIDIA RTX PRO 6000 Blackwell Max-Q Workstation Edition
131072,thrift_10%,exp_approx,0.1,9.988675878477306,105,175.70171356201172,1.893514404846811,187.57947540283203,1.7788234861549774,0.9897878170013428,0,0,1,16,16,128,fp16,True,True,1.0,100,200,1234,NVIDIA RTX PRO 6000 Blackwell Max-Q Workstation Edition
131072,thrift_25%,exp,0.25,24.962205267813566,274,228.7845916748047,1.4541788988081403,243.3226547241211,1.3713099454117947,0.99803626537323,0,0,1,16,16,128,fp16,True,False,1.0,100,200,1234,NVIDIA RTX PRO 6000 Blackwell Max-Q Workstation Edition
131072,thrift_25%,exp_approx,0.25,24.962205267813566,274,214.27718353271484,1.5526325299825652,228.87499237060547,1.4578734570830334,0.994259774684906,0,0,1,16,16,128,fp16,True,True,1.0,100,200,1234,NVIDIA RTX PRO 6000 Blackwell Max-Q Workstation Edition
